*sample_name	sample_title	bioproject_accession	*organism	*isolate	*age	*biomaterial_provider	*collection_date	*geo_loc_name	*sex	*tissue	cell_line	cell_subtype	cell_type	culture_collection	dev_stage	disease	disease_stage	ethnicity	health_state	karyotype	phenotype	population	race	sample_type	treatment	description	differentiation_lot	culture_week	sample_role
Cheng_TGN_L1_W1	hiPSC-derived trigeminal sensory neuron culture, lot 1, week 1		Homo sapiens	ANAT002	not collected	Anatomic Incorporated	not collected	not collected	male	not applicable	ANAT002	trigeminal sensory neuron	hiPSC-derived trigeminal sensory neuron											cell culture		hiPSC-derived trigeminal sensory neuron culture; differentiation lot 1; week 1.	1	1	TGN culture
Cheng_TGN_L1_W2	hiPSC-derived trigeminal sensory neuron culture, lot 1, week 2		Homo sapiens	ANAT002	not collected	Anatomic Incorporated	not collected	not collected	male	not applicable	ANAT002	trigeminal sensory neuron	hiPSC-derived trigeminal sensory neuron											cell culture		hiPSC-derived trigeminal sensory neuron culture; differentiation lot 1; week 2.	1	2	TGN culture
Cheng_TGN_L1_W3	hiPSC-derived trigeminal sensory neuron culture, lot 1, week 3		Homo sapiens	ANAT002	not collected	Anatomic Incorporated	not collected	not collected	male	not applicable	ANAT002	trigeminal sensory neuron	hiPSC-derived trigeminal sensory neuron											cell culture		hiPSC-derived trigeminal sensory neuron culture; differentiation lot 1; week 3.	1	3	TGN culture
Cheng_TGN_L1_W4	hiPSC-derived trigeminal sensory neuron culture, lot 1, week 4		Homo sapiens	ANAT002	not collected	Anatomic Incorporated	not collected	not collected	male	not applicable	ANAT002	trigeminal sensory neuron	hiPSC-derived trigeminal sensory neuron											cell culture		hiPSC-derived trigeminal sensory neuron culture; differentiation lot 1; week 4.	1	4	TGN culture
Cheng_TGN_Pilot_W1	hiPSC-derived trigeminal sensory neuron pilot culture, week 1		Homo sapiens	ANAT002	not collected	Anatomic Incorporated	not collected	not collected	male	not applicable	ANAT002	trigeminal sensory neuron	hiPSC-derived trigeminal sensory neuron											cell culture		hiPSC-derived trigeminal sensory neuron culture; differentiation lot pilot; week 1.	pilot	1	TGN culture
Cheng_TGN_L2_W1	hiPSC-derived trigeminal sensory neuron culture, lot 2, week 1		Homo sapiens	ANAT002	not collected	Anatomic Incorporated	not collected	not collected	male	not applicable	ANAT002	trigeminal sensory neuron	hiPSC-derived trigeminal sensory neuron											cell culture		hiPSC-derived trigeminal sensory neuron culture; differentiation lot 2; week 1.	2	1	TGN culture
Cheng_TGN_L2_W2	hiPSC-derived trigeminal sensory neuron culture, lot 2, week 2		Homo sapiens	ANAT002	not collected	Anatomic Incorporated	not collected	not collected	male	not applicable	ANAT002	trigeminal sensory neuron	hiPSC-derived trigeminal sensory neuron											cell culture		hiPSC-derived trigeminal sensory neuron culture; differentiation lot 2; week 2.	2	2	TGN culture
Cheng_TGN_L2_W3	hiPSC-derived trigeminal sensory neuron culture, lot 2, week 3		Homo sapiens	ANAT002	not collected	Anatomic Incorporated	not collected	not collected	male	not applicable	ANAT002	trigeminal sensory neuron	hiPSC-derived trigeminal sensory neuron											cell culture		hiPSC-derived trigeminal sensory neuron culture; differentiation lot 2; week 3.	2	3	TGN culture
Cheng_TGN_L2_W4	hiPSC-derived trigeminal sensory neuron culture, lot 2, week 4		Homo sapiens	ANAT002	not collected	Anatomic Incorporated	not collected	not collected	male	not applicable	ANAT002	trigeminal sensory neuron	hiPSC-derived trigeminal sensory neuron											cell culture		hiPSC-derived trigeminal sensory neuron culture; differentiation lot 2; week 4.	2	4	TGN culture
Cheng_TGN_L3_W1	hiPSC-derived trigeminal sensory neuron culture, lot 3, week 1		Homo sapiens	ANAT002	not collected	Anatomic Incorporated	not collected	not collected	male	not applicable	ANAT002	trigeminal sensory neuron	hiPSC-derived trigeminal sensory neuron											cell culture		hiPSC-derived trigeminal sensory neuron culture; differentiation lot 3; week 1.	3	1	TGN culture
Cheng_TGN_L3_W2	hiPSC-derived trigeminal sensory neuron culture, lot 3, week 2		Homo sapiens	ANAT002	not collected	Anatomic Incorporated	not collected	not collected	male	not applicable	ANAT002	trigeminal sensory neuron	hiPSC-derived trigeminal sensory neuron											cell culture		hiPSC-derived trigeminal sensory neuron culture; differentiation lot 3; week 2.	3	2	TGN culture
Cheng_TGN_L3_W3	hiPSC-derived trigeminal sensory neuron culture, lot 3, week 3		Homo sapiens	ANAT002	not collected	Anatomic Incorporated	not collected	not collected	male	not applicable	ANAT002	trigeminal sensory neuron	hiPSC-derived trigeminal sensory neuron											cell culture		hiPSC-derived trigeminal sensory neuron culture; differentiation lot 3; week 3.	3	3	TGN culture
Cheng_TGN_L3_W4	hiPSC-derived trigeminal sensory neuron culture, lot 3, week 4		Homo sapiens	ANAT002	not collected	Anatomic Incorporated	not collected	not collected	male	not applicable	ANAT002	trigeminal sensory neuron	hiPSC-derived trigeminal sensory neuron											cell culture		hiPSC-derived trigeminal sensory neuron culture; differentiation lot 3; week 4.	3	4	TGN culture
Cheng_hDRG1	Pooled human dorsal root ganglion RNA comparator 1; two technical sequencing runs		Homo sapiens	Primary Human DRG 1 pooled RNA	16-65 years	Takara Bio	not collected	not collected	not applicable	dorsal root ganglion									normal					tissue sample		Commercial pooled human dorsal root ganglion RNA from Takara Bio; source pool 1 comprises 21 donors; C1 and C2 are technical sequencing runs.	not applicable	not applicable	hDRG comparator 1
Cheng_hDRG2	Pooled human dorsal root ganglion RNA comparator 2; two technical sequencing runs		Homo sapiens	Primary Human DRG 2 pooled RNA	not collected	Takara Bio	not collected	not collected	not collected	dorsal root ganglion														tissue sample		Second, separate pool of commercial human dorsal root ganglion RNA from Takara Bio; C1 and C2 are technical sequencing runs of this pool.	not applicable	not applicable	hDRG comparator 2
