sample_name	library_ID	filename	cohort	read	bytes	md5	sha256
Cheng_TGN_L1_W1	Cheng_TGN_L1_W1_RNA	Cheng_TGN_L1_W1_R1.fastq.gz	C1	1	1714854415	8e38ccc05eb41b49842e889161ba130d	0195ea54157b94811e24b473e3041c90715beeca4e1323461024681c5399a228
Cheng_TGN_L1_W1	Cheng_TGN_L1_W1_RNA	Cheng_TGN_L1_W1_R2.fastq.gz	C1	2	1702801140	c66e2769e729daa1fd690afcb252929b	d355a2647dc7235feb0afe185eb4ede5d00da147af1b65578d958fe526361682
Cheng_TGN_L1_W2	Cheng_TGN_L1_W2_RNA	Cheng_TGN_L1_W2_R1.fastq.gz	C1	1	1731705699	caf4dfa90f246e476c7cf0f80b692ebd	8bf445fc45558b3a02da5716ad84b2ff2acc899ac9a7c23bd0f399af9370f86d
Cheng_TGN_L1_W2	Cheng_TGN_L1_W2_RNA	Cheng_TGN_L1_W2_R2.fastq.gz	C1	2	1721330026	5eadf56a225d4cdc39a4cad227faaf1c	9c51e4cd6b55440a344cc3491271335ac784c0c65e2f1e6fc9daebc0e7a9514f
Cheng_TGN_L1_W3	Cheng_TGN_L1_W3_RNA	Cheng_TGN_L1_W3_R1.fastq.gz	C1	1	1574045686	a018bc1d63c1fec33a4ac8406438372f	cc21c4e7204cd63b954c9562644dc4ddd902986162cd3f05c0eafb60b76efd6f
Cheng_TGN_L1_W3	Cheng_TGN_L1_W3_RNA	Cheng_TGN_L1_W3_R2.fastq.gz	C1	2	1558199559	af9e60982ffc64d089a15c1958224324	bc21dfab38e35fe321837ea424dad7ca8ddba45cf6863666c6fe013dca3db8cc
Cheng_TGN_L1_W4	Cheng_TGN_L1_W4_RNA	Cheng_TGN_L1_W4_R1.fastq.gz	C1	1	1392652153	7bafdeab512b35393d4b1c8097cf66b9	583f0ba3c012ab49fb9c4eecef8825c40a36818f073605f7fbfeea091284e175
Cheng_TGN_L1_W4	Cheng_TGN_L1_W4_RNA	Cheng_TGN_L1_W4_R2.fastq.gz	C1	2	1384822023	2d7415c20b69c21ab698d9ad8c7a96e7	f59cb1c595a8a898407bf190e2dab07b4ce2c12611f8a0c12510f72c6ae0831b
Cheng_TGN_Pilot_W1	Cheng_TGN_Pilot_W1_RNA	Cheng_TGN_Pilot_W1_R1.fastq.gz	C1	1	2121491116	e85ffa76ac4978aa3192e3bf1caa7b08	adda2a247ea6137e0eb57d72f95b1c1b0c661acfc3597e0c383ec29e01d09b9f
Cheng_TGN_Pilot_W1	Cheng_TGN_Pilot_W1_RNA	Cheng_TGN_Pilot_W1_R2.fastq.gz	C1	2	2114145445	f6321e9cb0cbb8f1870365e9bf27a821	50d9ef943bc16735674b7d61821fd46594a366afc0eb15ce3833957ea96b822d
Cheng_TGN_L2_W1	Cheng_TGN_L2_W1_RNA	Cheng_TGN_L2_W1_R1.fastq.gz	C2	1	1960730874	763a1933b20e6bd9261b63098d8deee9	a7ce5a52e7235805153deb27ec63f820a89f67ce32f6dc839caaef0648ea419f
Cheng_TGN_L2_W1	Cheng_TGN_L2_W1_RNA	Cheng_TGN_L2_W1_R2.fastq.gz	C2	2	1971429213	f9839445984791a84698f4d1aceae50c	2358363b290a725e453a783b5af5b58d46b3e0491c052b692003fd13cbf0a3ca
Cheng_TGN_L2_W2	Cheng_TGN_L2_W2_RNA	Cheng_TGN_L2_W2_R1.fastq.gz	C2	1	2178477956	2a9782a57095634e518295c3c54a3e9f	700de90496dd01dcaa4040b8114c224cc1f27b7cc568b7d86fcbaf0f800d2446
Cheng_TGN_L2_W2	Cheng_TGN_L2_W2_RNA	Cheng_TGN_L2_W2_R2.fastq.gz	C2	2	2186156916	95c7f0d6081e2615a00ea18b206a0571	ace0ad1ac99e954d880835408cb54eb554e1ef9388550e6176b412de4daca87e
Cheng_TGN_L2_W3	Cheng_TGN_L2_W3_RNA	Cheng_TGN_L2_W3_R1.fastq.gz	C2	1	1772251543	ee95e4efd3e4519374db391cc07262f0	ee690dcad05bec1fb99fdc5193bba7ba49a75d90b977f89ad30b8a5a3e1a0457
Cheng_TGN_L2_W3	Cheng_TGN_L2_W3_RNA	Cheng_TGN_L2_W3_R2.fastq.gz	C2	2	1777552378	34af0a61ce8f1621904e332e4d0d3d66	606dcf5a6d99508945b7726f420a2489a634e368526e3d385ce816aab1f5ef1f
Cheng_TGN_L2_W4	Cheng_TGN_L2_W4_RNA	Cheng_TGN_L2_W4_R1.fastq.gz	C2	1	2199640689	d42d6a55352c00e0f0ce9cabca629929	7574b0bf664dacecfef0f3538b2501655c3b8b2eec08ebb7ba46f11d2caee292
Cheng_TGN_L2_W4	Cheng_TGN_L2_W4_RNA	Cheng_TGN_L2_W4_R2.fastq.gz	C2	2	2206565101	29d81e6d68b8e1d6fe3827d3e3454c8a	b8231edd1dd5a350acf6fa360d0a015f047401be6e4e1ae48848183914ada8b1
Cheng_TGN_L3_W1	Cheng_TGN_L3_W1_RNA	Cheng_TGN_L3_W1_R1.fastq.gz	C2	1	1741792122	5930a945a03ad216b3242dd52c195680	ea9728d7ec7edb65bd778a85a891762a10ad52df539fd313662cd0e374d2a60d
Cheng_TGN_L3_W1	Cheng_TGN_L3_W1_RNA	Cheng_TGN_L3_W1_R2.fastq.gz	C2	2	1754806799	e9160f68375e3cab93dcb5f8c311d2ee	a25625d363208721f8100e7f95194ae21bb8bdcde171a99a0851d2af908edf98
Cheng_TGN_L3_W2	Cheng_TGN_L3_W2_RNA	Cheng_TGN_L3_W2_R1.fastq.gz	C2	1	1761774104	5cd5c0f23a887845a3515c74c90216b2	2ce3a6d73b06d48287cad4f6b697fb4d8d479e8bb20107675617679c64d0117e
Cheng_TGN_L3_W2	Cheng_TGN_L3_W2_RNA	Cheng_TGN_L3_W2_R2.fastq.gz	C2	2	1766171284	0a689da63565ccc3d3fda22f6374ad03	52e2f7407ab088ae52f946c19b328cb98e9fdeef348a7738112da23050f4bf78
Cheng_TGN_L3_W3	Cheng_TGN_L3_W3_RNA	Cheng_TGN_L3_W3_R1.fastq.gz	C2	1	2129112278	65b00ea1bc2e57f682f92bfcb7fd1715	554bedd02a8e2d0ed6a87f9ed665b688842d9a2317074ac2b38df94677362de1
Cheng_TGN_L3_W3	Cheng_TGN_L3_W3_RNA	Cheng_TGN_L3_W3_R2.fastq.gz	C2	2	2142354087	8ec2d255d4ec41b255f7fdc4aa9f4ac9	ed0da41ac8663b7a57557f262d5a69d6439530bfcbc8215db0c840cea6f95e06
Cheng_TGN_L3_W4	Cheng_TGN_L3_W4_RNA	Cheng_TGN_L3_W4_R1.fastq.gz	C2	1	2335387277	d210b092dbf3d6a92213505dd08a8a6b	e2166989819eeffcfb3de104ceecbfcb69d0617b1cedaab84b494ef8f18fad40
Cheng_TGN_L3_W4	Cheng_TGN_L3_W4_RNA	Cheng_TGN_L3_W4_R2.fastq.gz	C2	2	2351031991	8bebd48e56bbc405d4b540d6995647af	d46d2c3d60758a547de9eaf938aeac9ee7567e3a5b3fc4e55911839a9d5239d2
Cheng_hDRG1	Cheng_hDRG1_RNA	Cheng_hDRG1_C1_R1.fastq.gz	C1	1	1656996069	0c3484167d33c0bc7fd1e8b74f6c3260	6c81bb90d5e5d9e13028caa74c9a2bda0bc09c9b50fd9e4ca1a9ae7857ac59c1
Cheng_hDRG1	Cheng_hDRG1_RNA	Cheng_hDRG1_C1_R2.fastq.gz	C1	2	1650366993	59a02b04c76a852df0534f07fe1059ac	79335961655cf33973e2b3611c4b11c380eff02e46f97c5d9be825e9c966903e
Cheng_hDRG1	Cheng_hDRG1_RNA	Cheng_hDRG1_C2_R1.fastq.gz	C2	1	2079014190	07db15e25357c918b045309dfb2a0a89	dc68902f9d775975e405dbaff261558b080392821ea86cb7cd46075d940d9433
Cheng_hDRG1	Cheng_hDRG1_RNA	Cheng_hDRG1_C2_R2.fastq.gz	C2	2	2089035407	9bb245f2531331f01ade388cdef1f584	acb7f52d7bf897ef0eb7c788a1f90960b52ea0667ed626378c8f083b3fc90ce8
Cheng_hDRG2	Cheng_hDRG2_RNA	Cheng_hDRG2_C1_R1.fastq.gz	C1	1	1745370414	a57089b23ae4419aecb72af23f86a55a	1aea78805a664d64a66ae048f08030c55b76582fe92528a86bd568e91373157f
Cheng_hDRG2	Cheng_hDRG2_RNA	Cheng_hDRG2_C1_R2.fastq.gz	C1	2	1752448239	a4727c60ac1289882ee2f72c2cb93495	22da871f70ab4a6e7559e118e40c3b2ebbb60e32a459ea536e8fb0be679687e8
Cheng_hDRG2	Cheng_hDRG2_RNA	Cheng_hDRG2_C2_R1.fastq.gz	C2	1	2160149869	ba2a8448844553ce9788f4be8ea5f258	8b2d288ac582712f66628637412dcf4a7feb37700c21da937e672d5960bc1de1
Cheng_hDRG2	Cheng_hDRG2_RNA	Cheng_hDRG2_C2_R2.fastq.gz	C2	2	2175520827	d3589c9a911c1d6b9c7331d9c52bf54c	bb1f9f2fa319a86dd33c22e2de96ed3a775b0661bb31925125b26cd66cc0df17
