sample_name	library_ID	title	library_strategy	library_source	library_selection	library_layout	platform	instrument_model	design_description	filetype	filename	filename2	filename3	filename4	assembly	fasta_file
Cheng_TGN_L1_W1	Cheng_TGN_L1_W1_RNA	hiPSC-derived trigeminal sensory neuron culture, lot 1, week 1	RNA-Seq	TRANSCRIPTOMIC	PolyA	paired	ILLUMINA	Illumina NovaSeq X Plus	Total RNA was extracted from TGN cultures using the RNeasy kit (Qiagen #74104). RNA underwent bead-based poly(A) selection, cDNA synthesis, and PCR amplification with the VAHTS Universal V10 RNA-seq Library Prep Kit for Illumina (Vazyme #NR606-02). Equimolar libraries were sequenced as 150-bp paired-end reads on an Illumina NovaSeq X Plus.	fastq	Cheng_TGN_L1_W1_R1.fastq.gz	Cheng_TGN_L1_W1_R2.fastq.gz				
Cheng_TGN_L1_W2	Cheng_TGN_L1_W2_RNA	hiPSC-derived trigeminal sensory neuron culture, lot 1, week 2	RNA-Seq	TRANSCRIPTOMIC	PolyA	paired	ILLUMINA	Illumina NovaSeq X Plus	Total RNA was extracted from TGN cultures using the RNeasy kit (Qiagen #74104). RNA underwent bead-based poly(A) selection, cDNA synthesis, and PCR amplification with the VAHTS Universal V10 RNA-seq Library Prep Kit for Illumina (Vazyme #NR606-02). Equimolar libraries were sequenced as 150-bp paired-end reads on an Illumina NovaSeq X Plus.	fastq	Cheng_TGN_L1_W2_R1.fastq.gz	Cheng_TGN_L1_W2_R2.fastq.gz				
Cheng_TGN_L1_W3	Cheng_TGN_L1_W3_RNA	hiPSC-derived trigeminal sensory neuron culture, lot 1, week 3	RNA-Seq	TRANSCRIPTOMIC	PolyA	paired	ILLUMINA	Illumina NovaSeq X Plus	Total RNA was extracted from TGN cultures using the RNeasy kit (Qiagen #74104). RNA underwent bead-based poly(A) selection, cDNA synthesis, and PCR amplification with the VAHTS Universal V10 RNA-seq Library Prep Kit for Illumina (Vazyme #NR606-02). Equimolar libraries were sequenced as 150-bp paired-end reads on an Illumina NovaSeq X Plus.	fastq	Cheng_TGN_L1_W3_R1.fastq.gz	Cheng_TGN_L1_W3_R2.fastq.gz				
Cheng_TGN_L1_W4	Cheng_TGN_L1_W4_RNA	hiPSC-derived trigeminal sensory neuron culture, lot 1, week 4	RNA-Seq	TRANSCRIPTOMIC	PolyA	paired	ILLUMINA	Illumina NovaSeq X Plus	Total RNA was extracted from TGN cultures using the RNeasy kit (Qiagen #74104). RNA underwent bead-based poly(A) selection, cDNA synthesis, and PCR amplification with the VAHTS Universal V10 RNA-seq Library Prep Kit for Illumina (Vazyme #NR606-02). Equimolar libraries were sequenced as 150-bp paired-end reads on an Illumina NovaSeq X Plus.	fastq	Cheng_TGN_L1_W4_R1.fastq.gz	Cheng_TGN_L1_W4_R2.fastq.gz				
Cheng_TGN_Pilot_W1	Cheng_TGN_Pilot_W1_RNA	hiPSC-derived trigeminal sensory neuron pilot culture, week 1	RNA-Seq	TRANSCRIPTOMIC	PolyA	paired	ILLUMINA	Illumina NovaSeq X Plus	Total RNA was extracted from TGN cultures using the RNeasy kit (Qiagen #74104). RNA underwent bead-based poly(A) selection, cDNA synthesis, and PCR amplification with the VAHTS Universal V10 RNA-seq Library Prep Kit for Illumina (Vazyme #NR606-02). Equimolar libraries were sequenced as 150-bp paired-end reads on an Illumina NovaSeq X Plus.	fastq	Cheng_TGN_Pilot_W1_R1.fastq.gz	Cheng_TGN_Pilot_W1_R2.fastq.gz				
Cheng_TGN_L2_W1	Cheng_TGN_L2_W1_RNA	hiPSC-derived trigeminal sensory neuron culture, lot 2, week 1	RNA-Seq	TRANSCRIPTOMIC	PolyA	paired	ILLUMINA	Illumina NovaSeq X Plus	Total RNA was extracted from TGN cultures using the RNeasy kit (Qiagen #74104). RNA underwent bead-based poly(A) selection, cDNA synthesis, and PCR amplification with the VAHTS Universal V10 RNA-seq Library Prep Kit for Illumina (Vazyme #NR606-02). Equimolar libraries were sequenced as 150-bp paired-end reads on an Illumina NovaSeq X Plus.	fastq	Cheng_TGN_L2_W1_R1.fastq.gz	Cheng_TGN_L2_W1_R2.fastq.gz				
Cheng_TGN_L2_W2	Cheng_TGN_L2_W2_RNA	hiPSC-derived trigeminal sensory neuron culture, lot 2, week 2	RNA-Seq	TRANSCRIPTOMIC	PolyA	paired	ILLUMINA	Illumina NovaSeq X Plus	Total RNA was extracted from TGN cultures using the RNeasy kit (Qiagen #74104). RNA underwent bead-based poly(A) selection, cDNA synthesis, and PCR amplification with the VAHTS Universal V10 RNA-seq Library Prep Kit for Illumina (Vazyme #NR606-02). Equimolar libraries were sequenced as 150-bp paired-end reads on an Illumina NovaSeq X Plus.	fastq	Cheng_TGN_L2_W2_R1.fastq.gz	Cheng_TGN_L2_W2_R2.fastq.gz				
Cheng_TGN_L2_W3	Cheng_TGN_L2_W3_RNA	hiPSC-derived trigeminal sensory neuron culture, lot 2, week 3	RNA-Seq	TRANSCRIPTOMIC	PolyA	paired	ILLUMINA	Illumina NovaSeq X Plus	Total RNA was extracted from TGN cultures using the RNeasy kit (Qiagen #74104). RNA underwent bead-based poly(A) selection, cDNA synthesis, and PCR amplification with the VAHTS Universal V10 RNA-seq Library Prep Kit for Illumina (Vazyme #NR606-02). Equimolar libraries were sequenced as 150-bp paired-end reads on an Illumina NovaSeq X Plus.	fastq	Cheng_TGN_L2_W3_R1.fastq.gz	Cheng_TGN_L2_W3_R2.fastq.gz				
Cheng_TGN_L2_W4	Cheng_TGN_L2_W4_RNA	hiPSC-derived trigeminal sensory neuron culture, lot 2, week 4	RNA-Seq	TRANSCRIPTOMIC	PolyA	paired	ILLUMINA	Illumina NovaSeq X Plus	Total RNA was extracted from TGN cultures using the RNeasy kit (Qiagen #74104). RNA underwent bead-based poly(A) selection, cDNA synthesis, and PCR amplification with the VAHTS Universal V10 RNA-seq Library Prep Kit for Illumina (Vazyme #NR606-02). Equimolar libraries were sequenced as 150-bp paired-end reads on an Illumina NovaSeq X Plus.	fastq	Cheng_TGN_L2_W4_R1.fastq.gz	Cheng_TGN_L2_W4_R2.fastq.gz				
Cheng_TGN_L3_W1	Cheng_TGN_L3_W1_RNA	hiPSC-derived trigeminal sensory neuron culture, lot 3, week 1	RNA-Seq	TRANSCRIPTOMIC	PolyA	paired	ILLUMINA	Illumina NovaSeq X Plus	Total RNA was extracted from TGN cultures using the RNeasy kit (Qiagen #74104). RNA underwent bead-based poly(A) selection, cDNA synthesis, and PCR amplification with the VAHTS Universal V10 RNA-seq Library Prep Kit for Illumina (Vazyme #NR606-02). Equimolar libraries were sequenced as 150-bp paired-end reads on an Illumina NovaSeq X Plus.	fastq	Cheng_TGN_L3_W1_R1.fastq.gz	Cheng_TGN_L3_W1_R2.fastq.gz				
Cheng_TGN_L3_W2	Cheng_TGN_L3_W2_RNA	hiPSC-derived trigeminal sensory neuron culture, lot 3, week 2	RNA-Seq	TRANSCRIPTOMIC	PolyA	paired	ILLUMINA	Illumina NovaSeq X Plus	Total RNA was extracted from TGN cultures using the RNeasy kit (Qiagen #74104). RNA underwent bead-based poly(A) selection, cDNA synthesis, and PCR amplification with the VAHTS Universal V10 RNA-seq Library Prep Kit for Illumina (Vazyme #NR606-02). Equimolar libraries were sequenced as 150-bp paired-end reads on an Illumina NovaSeq X Plus.	fastq	Cheng_TGN_L3_W2_R1.fastq.gz	Cheng_TGN_L3_W2_R2.fastq.gz				
Cheng_TGN_L3_W3	Cheng_TGN_L3_W3_RNA	hiPSC-derived trigeminal sensory neuron culture, lot 3, week 3	RNA-Seq	TRANSCRIPTOMIC	PolyA	paired	ILLUMINA	Illumina NovaSeq X Plus	Total RNA was extracted from TGN cultures using the RNeasy kit (Qiagen #74104). RNA underwent bead-based poly(A) selection, cDNA synthesis, and PCR amplification with the VAHTS Universal V10 RNA-seq Library Prep Kit for Illumina (Vazyme #NR606-02). Equimolar libraries were sequenced as 150-bp paired-end reads on an Illumina NovaSeq X Plus.	fastq	Cheng_TGN_L3_W3_R1.fastq.gz	Cheng_TGN_L3_W3_R2.fastq.gz				
Cheng_TGN_L3_W4	Cheng_TGN_L3_W4_RNA	hiPSC-derived trigeminal sensory neuron culture, lot 3, week 4	RNA-Seq	TRANSCRIPTOMIC	PolyA	paired	ILLUMINA	Illumina NovaSeq X Plus	Total RNA was extracted from TGN cultures using the RNeasy kit (Qiagen #74104). RNA underwent bead-based poly(A) selection, cDNA synthesis, and PCR amplification with the VAHTS Universal V10 RNA-seq Library Prep Kit for Illumina (Vazyme #NR606-02). Equimolar libraries were sequenced as 150-bp paired-end reads on an Illumina NovaSeq X Plus.	fastq	Cheng_TGN_L3_W4_R1.fastq.gz	Cheng_TGN_L3_W4_R2.fastq.gz				
Cheng_hDRG1	Cheng_hDRG1_RNA	Pooled human dorsal root ganglion RNA comparator 1; two technical sequencing runs	RNA-Seq	TRANSCRIPTOMIC	PolyA	paired	ILLUMINA	Illumina NovaSeq X Plus	Pooled human DRG RNA comparator material was supplied as RNA. RNA underwent bead-based poly(A) selection, cDNA synthesis, and PCR amplification with the VAHTS Universal V10 RNA-seq Library Prep Kit for Illumina (Vazyme #NR606-02). Equimolar libraries were sequenced as 150-bp paired-end reads on an Illumina NovaSeq X Plus.	fastq	Cheng_hDRG1_C1_R1.fastq.gz	Cheng_hDRG1_C1_R2.fastq.gz	Cheng_hDRG1_C2_R1.fastq.gz	Cheng_hDRG1_C2_R2.fastq.gz		
Cheng_hDRG2	Cheng_hDRG2_RNA	Pooled human dorsal root ganglion RNA comparator 2; two technical sequencing runs	RNA-Seq	TRANSCRIPTOMIC	PolyA	paired	ILLUMINA	Illumina NovaSeq X Plus	Pooled human DRG RNA comparator material was supplied as RNA. RNA underwent bead-based poly(A) selection, cDNA synthesis, and PCR amplification with the VAHTS Universal V10 RNA-seq Library Prep Kit for Illumina (Vazyme #NR606-02). Equimolar libraries were sequenced as 150-bp paired-end reads on an Illumina NovaSeq X Plus.	fastq	Cheng_hDRG2_C1_R1.fastq.gz	Cheng_hDRG2_C1_R2.fastq.gz	Cheng_hDRG2_C2_R1.fastq.gz	Cheng_hDRG2_C2_R2.fastq.gz		
