"gene","sample_id","display_label","differentiation_lot","week","tmm_log_cpm"
"SIX1","C1_TGN1003AW1","C1_TGN1003AW1","TGN1003A",1,6.31583072830339
"SIX1","C1_TGN1003AW2","C1_TGN1003AW2","TGN1003A",2,4.98113931891767
"SIX1","C1_TGN1003AW3","C1_TGN1003AW3","TGN1003A",3,4.65867018611156
"SIX1","C1_TGN1003AW4","C1_TGN1003AW4","TGN1003A",4,4.30076835336643
"SIX1","C2_TGN1028BW1","C2_TGN1028BW1","TGN1028B",1,6.31247090628863
"SIX1","C2_TGN1028BW2","C2_TGN1028BW2","TGN1028B",2,5.26342907742421
"SIX1","C2_TGN1028BW3","C2_TGN1028BW3","TGN1028B",3,4.43990816374772
"SIX1","C2_TGN1028BW4","C2_TGN1028BW4","TGN1028B",4,4.72326617024847
"SIX1","C2_TGN1215AvXW1","C2_TGN1215AvXW1","TGN1215AvX",1,6.38977833653519
"SIX1","C2_TGN1215AvXW2","C2_TGN1215AvXW2","TGN1215AvX",2,5.28884395897497
"SIX1","C2_TGN1215AvXW3","C2_TGN1215AvXW3","TGN1215AvX",3,4.89993046239312
"SIX1","C2_TGN1215AvXW4","C2_TGN1215AvXW4","TGN1215AvX",4,4.47617123506449
"EYA1","C1_TGN1003AW1","C1_TGN1003AW1","TGN1003A",1,1.77203903116747
"EYA1","C1_TGN1003AW2","C1_TGN1003AW2","TGN1003A",2,2.81769462742729
"EYA1","C1_TGN1003AW3","C1_TGN1003AW3","TGN1003A",3,1.62597619741042
"EYA1","C1_TGN1003AW4","C1_TGN1003AW4","TGN1003A",4,1.91529842983285
"EYA1","C2_TGN1028BW1","C2_TGN1028BW1","TGN1028B",1,2.85461384486547
"EYA1","C2_TGN1028BW2","C2_TGN1028BW2","TGN1028B",2,2.90439858060521
"EYA1","C2_TGN1028BW3","C2_TGN1028BW3","TGN1028B",3,0.853874413594266
"EYA1","C2_TGN1028BW4","C2_TGN1028BW4","TGN1028B",4,1.65403040300178
"EYA1","C2_TGN1215AvXW1","C2_TGN1215AvXW1","TGN1215AvX",1,1.83174937738358
"EYA1","C2_TGN1215AvXW2","C2_TGN1215AvXW2","TGN1215AvX",2,2.60438129846402
"EYA1","C2_TGN1215AvXW3","C2_TGN1215AvXW3","TGN1215AvX",3,2.58786082034532
"EYA1","C2_TGN1215AvXW4","C2_TGN1215AvXW4","TGN1215AvX",4,2.22910541966733
"SOX10","C1_TGN1003AW1","C1_TGN1003AW1","TGN1003A",1,-2.42021722658905
"SOX10","C1_TGN1003AW2","C1_TGN1003AW2","TGN1003A",2,-0.16843452404639
"SOX10","C1_TGN1003AW3","C1_TGN1003AW3","TGN1003A",3,-0.458300110049413
"SOX10","C1_TGN1003AW4","C1_TGN1003AW4","TGN1003A",4,-0.908603044083686
"SOX10","C2_TGN1028BW1","C2_TGN1028BW1","TGN1028B",1,-1.83275425737835
"SOX10","C2_TGN1028BW2","C2_TGN1028BW2","TGN1028B",2,-0.746527057241587
"SOX10","C2_TGN1028BW3","C2_TGN1028BW3","TGN1028B",3,-0.0489607946187242
"SOX10","C2_TGN1028BW4","C2_TGN1028BW4","TGN1028B",4,-1.36051081931989
"SOX10","C2_TGN1215AvXW1","C2_TGN1215AvXW1","TGN1215AvX",1,-3.65817029489087
"SOX10","C2_TGN1215AvXW2","C2_TGN1215AvXW2","TGN1215AvX",2,-2.15570524001073
"SOX10","C2_TGN1215AvXW3","C2_TGN1215AvXW3","TGN1215AvX",3,-1.91170019013045
"SOX10","C2_TGN1215AvXW4","C2_TGN1215AvXW4","TGN1215AvX",4,-0.961819328705189
"ISL1","C1_TGN1003AW1","C1_TGN1003AW1","TGN1003A",1,8.63817053100808
"ISL1","C1_TGN1003AW2","C1_TGN1003AW2","TGN1003A",2,8.12986837519882
"ISL1","C1_TGN1003AW3","C1_TGN1003AW3","TGN1003A",3,8.2061608319307
"ISL1","C1_TGN1003AW4","C1_TGN1003AW4","TGN1003A",4,7.65319913903404
"ISL1","C2_TGN1028BW1","C2_TGN1028BW1","TGN1028B",1,8.36528413871073
"ISL1","C2_TGN1028BW2","C2_TGN1028BW2","TGN1028B",2,7.98851547949963
"ISL1","C2_TGN1028BW3","C2_TGN1028BW3","TGN1028B",3,7.48353236608088
"ISL1","C2_TGN1028BW4","C2_TGN1028BW4","TGN1028B",4,7.55943565916721
"ISL1","C2_TGN1215AvXW1","C2_TGN1215AvXW1","TGN1215AvX",1,8.56887177254693
"ISL1","C2_TGN1215AvXW2","C2_TGN1215AvXW2","TGN1215AvX",2,8.21216131388056
"ISL1","C2_TGN1215AvXW3","C2_TGN1215AvXW3","TGN1215AvX",3,7.98443721700647
"ISL1","C2_TGN1215AvXW4","C2_TGN1215AvXW4","TGN1215AvX",4,7.63790071392887
"POU4F1","C1_TGN1003AW1","C1_TGN1003AW1","TGN1003A",1,9.26868962517373
"POU4F1","C1_TGN1003AW2","C1_TGN1003AW2","TGN1003A",2,8.21917926891818
"POU4F1","C1_TGN1003AW3","C1_TGN1003AW3","TGN1003A",3,7.90834463955674
"POU4F1","C1_TGN1003AW4","C1_TGN1003AW4","TGN1003A",4,7.39202248558531
"POU4F1","C2_TGN1028BW1","C2_TGN1028BW1","TGN1028B",1,9.22370412304014
"POU4F1","C2_TGN1028BW2","C2_TGN1028BW2","TGN1028B",2,8.48091703863434
"POU4F1","C2_TGN1028BW3","C2_TGN1028BW3","TGN1028B",3,7.74158654759952
"POU4F1","C2_TGN1028BW4","C2_TGN1028BW4","TGN1028B",4,8.01211493454178
"POU4F1","C2_TGN1215AvXW1","C2_TGN1215AvXW1","TGN1215AvX",1,9.54201867129156
"POU4F1","C2_TGN1215AvXW2","C2_TGN1215AvXW2","TGN1215AvX",2,8.54417812702755
"POU4F1","C2_TGN1215AvXW3","C2_TGN1215AvXW3","TGN1215AvX",3,8.21709824657046
"POU4F1","C2_TGN1215AvXW4","C2_TGN1215AvXW4","TGN1215AvX",4,7.82682672448298
"PRDM12","C1_TGN1003AW1","C1_TGN1003AW1","TGN1003A",1,-0.575382477170222
"PRDM12","C1_TGN1003AW2","C1_TGN1003AW2","TGN1003A",2,0.342653194285505
"PRDM12","C1_TGN1003AW3","C1_TGN1003AW3","TGN1003A",3,-0.713331609205348
"PRDM12","C1_TGN1003AW4","C1_TGN1003AW4","TGN1003A",4,-0.118089893888766
"PRDM12","C2_TGN1028BW1","C2_TGN1028BW1","TGN1028B",1,-0.175790792294593
"PRDM12","C2_TGN1028BW2","C2_TGN1028BW2","TGN1028B",2,0.409480520942046
"PRDM12","C2_TGN1028BW3","C2_TGN1028BW3","TGN1028B",3,-0.0489607946187242
"PRDM12","C2_TGN1028BW4","C2_TGN1028BW4","TGN1028B",4,1.17046961085728
"PRDM12","C2_TGN1215AvXW1","C2_TGN1215AvXW1","TGN1215AvX",1,0.518764714334666
"PRDM12","C2_TGN1215AvXW2","C2_TGN1215AvXW2","TGN1215AvX",2,0.254002834454317
"PRDM12","C2_TGN1215AvXW3","C2_TGN1215AvXW3","TGN1215AvX",3,0.168637381898931
"PRDM12","C2_TGN1215AvXW4","C2_TGN1215AvXW4","TGN1215AvX",4,1.62536515742797
"RBFOX3","C1_TGN1003AW1","C1_TGN1003AW1","TGN1003A",1,5.05888458937548
"RBFOX3","C1_TGN1003AW2","C1_TGN1003AW2","TGN1003A",2,5.53073337919334
"RBFOX3","C1_TGN1003AW3","C1_TGN1003AW3","TGN1003A",3,5.50540080806267
"RBFOX3","C1_TGN1003AW4","C1_TGN1003AW4","TGN1003A",4,5.25200780810875
"RBFOX3","C2_TGN1028BW1","C2_TGN1028BW1","TGN1028B",1,5.3084178739482
"RBFOX3","C2_TGN1028BW2","C2_TGN1028BW2","TGN1028B",2,5.57240998683729
"RBFOX3","C2_TGN1028BW3","C2_TGN1028BW3","TGN1028B",3,5.48318734121362
"RBFOX3","C2_TGN1028BW4","C2_TGN1028BW4","TGN1028B",4,5.72580657437913
"RBFOX3","C2_TGN1215AvXW1","C2_TGN1215AvXW1","TGN1215AvX",1,5.67598995835616
"RBFOX3","C2_TGN1215AvXW2","C2_TGN1215AvXW2","TGN1215AvX",2,5.51030810883528
"RBFOX3","C2_TGN1215AvXW3","C2_TGN1215AvXW3","TGN1215AvX",3,5.92041015153352
"RBFOX3","C2_TGN1215AvXW4","C2_TGN1215AvXW4","TGN1215AvX",4,6.15558383617263
"TUBB3","C1_TGN1003AW1","C1_TGN1003AW1","TGN1003A",1,10.8035628374805
"TUBB3","C1_TGN1003AW2","C1_TGN1003AW2","TGN1003A",2,10.1735446359336
"TUBB3","C1_TGN1003AW3","C1_TGN1003AW3","TGN1003A",3,10.2548248904433
"TUBB3","C1_TGN1003AW4","C1_TGN1003AW4","TGN1003A",4,9.2388103816612
"TUBB3","C2_TGN1028BW1","C2_TGN1028BW1","TGN1028B",1,10.875395355305
"TUBB3","C2_TGN1028BW2","C2_TGN1028BW2","TGN1028B",2,10.1376779763819
"TUBB3","C2_TGN1028BW3","C2_TGN1028BW3","TGN1028B",3,9.85243990713133
"TUBB3","C2_TGN1028BW4","C2_TGN1028BW4","TGN1028B",4,9.50345837247628
"TUBB3","C2_TGN1215AvXW1","C2_TGN1215AvXW1","TGN1215AvX",1,11.2175879647041
"TUBB3","C2_TGN1215AvXW2","C2_TGN1215AvXW2","TGN1215AvX",2,9.93894001719383
"TUBB3","C2_TGN1215AvXW3","C2_TGN1215AvXW3","TGN1215AvX",3,9.73605088668549
"TUBB3","C2_TGN1215AvXW4","C2_TGN1215AvXW4","TGN1215AvX",4,9.7670109690867
"SNAP25","C1_TGN1003AW1","C1_TGN1003AW1","TGN1003A",1,7.76108018562676
"SNAP25","C1_TGN1003AW2","C1_TGN1003AW2","TGN1003A",2,8.08922242871246
"SNAP25","C1_TGN1003AW3","C1_TGN1003AW3","TGN1003A",3,8.31834752512938
"SNAP25","C1_TGN1003AW4","C1_TGN1003AW4","TGN1003A",4,8.39197972903437
"SNAP25","C2_TGN1028BW1","C2_TGN1028BW1","TGN1028B",1,7.3452146552232
"SNAP25","C2_TGN1028BW2","C2_TGN1028BW2","TGN1028B",2,8.15580560451785
"SNAP25","C2_TGN1028BW3","C2_TGN1028BW3","TGN1028B",3,8.40426555997279
"SNAP25","C2_TGN1028BW4","C2_TGN1028BW4","TGN1028B",4,8.4633334952894
"SNAP25","C2_TGN1215AvXW1","C2_TGN1215AvXW1","TGN1215AvX",1,7.26808380689037
"SNAP25","C2_TGN1215AvXW2","C2_TGN1215AvXW2","TGN1215AvX",2,7.88885715437187
"SNAP25","C2_TGN1215AvXW3","C2_TGN1215AvXW3","TGN1215AvX",3,7.92764215378262
"SNAP25","C2_TGN1215AvXW4","C2_TGN1215AvXW4","TGN1215AvX",4,7.90803963662356
"SCN5A","C1_TGN1003AW1","C1_TGN1003AW1","TGN1003A",1,5.51101117805438
"SCN5A","C1_TGN1003AW2","C1_TGN1003AW2","TGN1003A",2,5.43125200497896
"SCN5A","C1_TGN1003AW3","C1_TGN1003AW3","TGN1003A",3,5.18830732567009
"SCN5A","C1_TGN1003AW4","C1_TGN1003AW4","TGN1003A",4,5.88976820558651
"SCN5A","C2_TGN1028BW1","C2_TGN1028BW1","TGN1028B",1,4.89983026402797
"SCN5A","C2_TGN1028BW2","C2_TGN1028BW2","TGN1028B",2,5.10815804897148
"SCN5A","C2_TGN1028BW3","C2_TGN1028BW3","TGN1028B",3,6.16350212188734
"SCN5A","C2_TGN1028BW4","C2_TGN1028BW4","TGN1028B",4,5.70974378431254
"SCN5A","C2_TGN1215AvXW1","C2_TGN1215AvXW1","TGN1215AvX",1,4.95964528997334
"SCN5A","C2_TGN1215AvXW2","C2_TGN1215AvXW2","TGN1215AvX",2,5.01635993053982
"SCN5A","C2_TGN1215AvXW3","C2_TGN1215AvXW3","TGN1215AvX",3,5.32076100378319
"SCN5A","C2_TGN1215AvXW4","C2_TGN1215AvXW4","TGN1215AvX",4,5.79066956091001
"SCN8A","C1_TGN1003AW1","C1_TGN1003AW1","TGN1003A",1,6.17564420682023
"SCN8A","C1_TGN1003AW2","C1_TGN1003AW2","TGN1003A",2,7.12525910940073
"SCN8A","C1_TGN1003AW3","C1_TGN1003AW3","TGN1003A",3,7.49571084401855
"SCN8A","C1_TGN1003AW4","C1_TGN1003AW4","TGN1003A",4,7.2870104746997
"SCN8A","C2_TGN1028BW1","C2_TGN1028BW1","TGN1028B",1,5.91125894600093
"SCN8A","C2_TGN1028BW2","C2_TGN1028BW2","TGN1028B",2,6.40707033518873
"SCN8A","C2_TGN1028BW3","C2_TGN1028BW3","TGN1028B",3,7.2661074764415
"SCN8A","C2_TGN1028BW4","C2_TGN1028BW4","TGN1028B",4,6.41930221034674
"SCN8A","C2_TGN1215AvXW1","C2_TGN1215AvXW1","TGN1215AvX",1,5.70637035362804
"SCN8A","C2_TGN1215AvXW2","C2_TGN1215AvXW2","TGN1215AvX",2,5.89462309412568
"SCN8A","C2_TGN1215AvXW3","C2_TGN1215AvXW3","TGN1215AvX",3,6.01646616594647
"SCN8A","C2_TGN1215AvXW4","C2_TGN1215AvXW4","TGN1215AvX",4,6.25741146828622
"SCN9A","C1_TGN1003AW1","C1_TGN1003AW1","TGN1003A",1,9.19947428641791
"SCN9A","C1_TGN1003AW2","C1_TGN1003AW2","TGN1003A",2,9.27362548481948
"SCN9A","C1_TGN1003AW3","C1_TGN1003AW3","TGN1003A",3,9.1906417227785
"SCN9A","C1_TGN1003AW4","C1_TGN1003AW4","TGN1003A",4,9.31631929979614
"SCN9A","C2_TGN1028BW1","C2_TGN1028BW1","TGN1028B",1,8.89821626071893
"SCN9A","C2_TGN1028BW2","C2_TGN1028BW2","TGN1028B",2,8.95844044349641
"SCN9A","C2_TGN1028BW3","C2_TGN1028BW3","TGN1028B",3,9.16072589602462
"SCN9A","C2_TGN1028BW4","C2_TGN1028BW4","TGN1028B",4,8.84925260387924
"SCN9A","C2_TGN1215AvXW1","C2_TGN1215AvXW1","TGN1215AvX",1,8.96462122644455
"SCN9A","C2_TGN1215AvXW2","C2_TGN1215AvXW2","TGN1215AvX",2,9.06833034086742
"SCN9A","C2_TGN1215AvXW3","C2_TGN1215AvXW3","TGN1215AvX",3,8.76327506605866
"SCN9A","C2_TGN1215AvXW4","C2_TGN1215AvXW4","TGN1215AvX",4,8.59711064466629
"SCN10A","C1_TGN1003AW1","C1_TGN1003AW1","TGN1003A",1,7.71822260696202
"SCN10A","C1_TGN1003AW2","C1_TGN1003AW2","TGN1003A",2,8.37147728722992
"SCN10A","C1_TGN1003AW3","C1_TGN1003AW3","TGN1003A",3,8.55433040597387
"SCN10A","C1_TGN1003AW4","C1_TGN1003AW4","TGN1003A",4,8.34216025026276
"SCN10A","C2_TGN1028BW1","C2_TGN1028BW1","TGN1028B",1,8.04888715512354
"SCN10A","C2_TGN1028BW2","C2_TGN1028BW2","TGN1028B",2,8.35606038168268
"SCN10A","C2_TGN1028BW3","C2_TGN1028BW3","TGN1028B",3,8.39288399402073
"SCN10A","C2_TGN1028BW4","C2_TGN1028BW4","TGN1028B",4,7.87373519411197
"SCN10A","C2_TGN1215AvXW1","C2_TGN1215AvXW1","TGN1215AvX",1,8.10142996634004
"SCN10A","C2_TGN1215AvXW2","C2_TGN1215AvXW2","TGN1215AvX",2,7.98570651760431
"SCN10A","C2_TGN1215AvXW3","C2_TGN1215AvXW3","TGN1215AvX",3,8.33018209754108
"SCN10A","C2_TGN1215AvXW4","C2_TGN1215AvXW4","TGN1215AvX",4,8.27828501812633
"SCN11A","C1_TGN1003AW1","C1_TGN1003AW1","TGN1003A",1,5.29864813269845
"SCN11A","C1_TGN1003AW2","C1_TGN1003AW2","TGN1003A",2,4.22256603043115
"SCN11A","C1_TGN1003AW3","C1_TGN1003AW3","TGN1003A",3,4.34793053355846
"SCN11A","C1_TGN1003AW4","C1_TGN1003AW4","TGN1003A",4,5.83515039044267
"SCN11A","C2_TGN1028BW1","C2_TGN1028BW1","TGN1028B",1,5.44482160946492
"SCN11A","C2_TGN1028BW2","C2_TGN1028BW2","TGN1028B",2,5.04556953913828
"SCN11A","C2_TGN1028BW3","C2_TGN1028BW3","TGN1028B",3,5.70994159592716
"SCN11A","C2_TGN1028BW4","C2_TGN1028BW4","TGN1028B",4,5.82212601419447
"SCN11A","C2_TGN1215AvXW1","C2_TGN1215AvXW1","TGN1215AvX",1,5.12048970925169
"SCN11A","C2_TGN1215AvXW2","C2_TGN1215AvXW2","TGN1215AvX",2,4.4943419001792
"SCN11A","C2_TGN1215AvXW3","C2_TGN1215AvXW3","TGN1215AvX",3,4.43357833093049
"SCN11A","C2_TGN1215AvXW4","C2_TGN1215AvXW4","TGN1215AvX",4,5.51000907894764
"TRPV1","C1_TGN1003AW1","C1_TGN1003AW1","TGN1003A",1,4.53704564541223
"TRPV1","C1_TGN1003AW2","C1_TGN1003AW2","TGN1003A",2,5.77449973733077
"TRPV1","C1_TGN1003AW3","C1_TGN1003AW3","TGN1003A",3,5.86560618885832
"TRPV1","C1_TGN1003AW4","C1_TGN1003AW4","TGN1003A",4,5.32527171536263
"TRPV1","C2_TGN1028BW1","C2_TGN1028BW1","TGN1028B",1,5.00835971880294
"TRPV1","C2_TGN1028BW2","C2_TGN1028BW2","TGN1028B",2,5.7226092813238
"TRPV1","C2_TGN1028BW3","C2_TGN1028BW3","TGN1028B",3,5.48642252369694
"TRPV1","C2_TGN1028BW4","C2_TGN1028BW4","TGN1028B",4,5.0936195951185
"TRPV1","C2_TGN1215AvXW1","C2_TGN1215AvXW1","TGN1215AvX",1,4.97550830123131
"TRPV1","C2_TGN1215AvXW2","C2_TGN1215AvXW2","TGN1215AvX",2,5.88560823300446
"TRPV1","C2_TGN1215AvXW3","C2_TGN1215AvXW3","TGN1215AvX",3,6.02532689055181
"TRPV1","C2_TGN1215AvXW4","C2_TGN1215AvXW4","TGN1215AvX",4,6.01543746171271
"TRPM8","C1_TGN1003AW1","C1_TGN1003AW1","TGN1003A",1,5.88264383188229
"TRPM8","C1_TGN1003AW2","C1_TGN1003AW2","TGN1003A",2,6.63131132664945
"TRPM8","C1_TGN1003AW3","C1_TGN1003AW3","TGN1003A",3,5.95817207388939
"TRPM8","C1_TGN1003AW4","C1_TGN1003AW4","TGN1003A",4,5.74042887294623
"TRPM8","C2_TGN1028BW1","C2_TGN1028BW1","TGN1028B",1,5.93402483411447
"TRPM8","C2_TGN1028BW2","C2_TGN1028BW2","TGN1028B",2,6.42845760498125
"TRPM8","C2_TGN1028BW3","C2_TGN1028BW3","TGN1028B",3,4.39577557509941
"TRPM8","C2_TGN1028BW4","C2_TGN1028BW4","TGN1028B",4,4.97011383486711
"TRPM8","C2_TGN1215AvXW1","C2_TGN1215AvXW1","TGN1215AvX",1,6.12585184340994
"TRPM8","C2_TGN1215AvXW2","C2_TGN1215AvXW2","TGN1215AvX",2,7.13542316976104
"TRPM8","C2_TGN1215AvXW3","C2_TGN1215AvXW3","TGN1215AvX",3,7.16804001666557
"TRPM8","C2_TGN1215AvXW4","C2_TGN1215AvXW4","TGN1215AvX",4,6.56378302198453
"P2RX3","C1_TGN1003AW1","C1_TGN1003AW1","TGN1003A",1,10.6982561995737
"P2RX3","C1_TGN1003AW2","C1_TGN1003AW2","TGN1003A",2,10.6187233094338
"P2RX3","C1_TGN1003AW3","C1_TGN1003AW3","TGN1003A",3,10.379078497732
"P2RX3","C1_TGN1003AW4","C1_TGN1003AW4","TGN1003A",4,10.540961240612
"P2RX3","C2_TGN1028BW1","C2_TGN1028BW1","TGN1028B",1,10.8444538766624
"P2RX3","C2_TGN1028BW2","C2_TGN1028BW2","TGN1028B",2,10.7017851097789
"P2RX3","C2_TGN1028BW3","C2_TGN1028BW3","TGN1028B",3,10.6817282047907
"P2RX3","C2_TGN1028BW4","C2_TGN1028BW4","TGN1028B",4,10.4377145515912
"P2RX3","C2_TGN1215AvXW1","C2_TGN1215AvXW1","TGN1215AvX",1,10.8190923341084
"P2RX3","C2_TGN1215AvXW2","C2_TGN1215AvXW2","TGN1215AvX",2,10.7125836487714
"P2RX3","C2_TGN1215AvXW3","C2_TGN1215AvXW3","TGN1215AvX",3,10.8823924169108
"P2RX3","C2_TGN1215AvXW4","C2_TGN1215AvXW4","TGN1215AvX",4,10.8150927826383
"NTRK1","C1_TGN1003AW1","C1_TGN1003AW1","TGN1003A",1,0.3368619889923
"NTRK1","C1_TGN1003AW2","C1_TGN1003AW2","TGN1003A",2,1.01770691033405
"NTRK1","C1_TGN1003AW3","C1_TGN1003AW3","TGN1003A",3,0.460980003487224
"NTRK1","C1_TGN1003AW4","C1_TGN1003AW4","TGN1003A",4,0.764532156525438
"NTRK1","C2_TGN1028BW1","C2_TGN1028BW1","TGN1028B",1,0.525524288699464
"NTRK1","C2_TGN1028BW2","C2_TGN1028BW2","TGN1028B",2,0.665996443133202
"NTRK1","C2_TGN1028BW3","C2_TGN1028BW3","TGN1028B",3,2.35713101275638
"NTRK1","C2_TGN1028BW4","C2_TGN1028BW4","TGN1028B",4,0.437922158562226
"NTRK1","C2_TGN1215AvXW1","C2_TGN1215AvXW1","TGN1215AvX",1,0.518764714334666
"NTRK1","C2_TGN1215AvXW2","C2_TGN1215AvXW2","TGN1215AvX",2,-0.401971635317308
"NTRK1","C2_TGN1215AvXW3","C2_TGN1215AvXW3","TGN1215AvX",3,-1.14449465785862
"NTRK1","C2_TGN1215AvXW4","C2_TGN1215AvXW4","TGN1215AvX",4,-1.27505529307122
"NTRK2","C1_TGN1003AW1","C1_TGN1003AW1","TGN1003A",1,7.9954124317172
"NTRK2","C1_TGN1003AW2","C1_TGN1003AW2","TGN1003A",2,8.30868885975033
"NTRK2","C1_TGN1003AW3","C1_TGN1003AW3","TGN1003A",3,8.74919889936766
"NTRK2","C1_TGN1003AW4","C1_TGN1003AW4","TGN1003A",4,9.63289841571993
"NTRK2","C2_TGN1028BW1","C2_TGN1028BW1","TGN1028B",1,7.30717019797538
"NTRK2","C2_TGN1028BW2","C2_TGN1028BW2","TGN1028B",2,7.95334949339848
"NTRK2","C2_TGN1028BW3","C2_TGN1028BW3","TGN1028B",3,8.84709229962294
"NTRK2","C2_TGN1028BW4","C2_TGN1028BW4","TGN1028B",4,9.34640428135806
"NTRK2","C2_TGN1215AvXW1","C2_TGN1215AvXW1","TGN1215AvX",1,7.09474197716818
"NTRK2","C2_TGN1215AvXW2","C2_TGN1215AvXW2","TGN1215AvX",2,7.68745831905815
"NTRK2","C2_TGN1215AvXW3","C2_TGN1215AvXW3","TGN1215AvX",3,8.38981759846888
"NTRK2","C2_TGN1215AvXW4","C2_TGN1215AvXW4","TGN1215AvX",4,9.28622729947796
"NTRK3","C1_TGN1003AW1","C1_TGN1003AW1","TGN1003A",1,3.52863510870132
"NTRK3","C1_TGN1003AW2","C1_TGN1003AW2","TGN1003A",2,3.15181062781253
"NTRK3","C1_TGN1003AW3","C1_TGN1003AW3","TGN1003A",3,2.11263645765105
"NTRK3","C1_TGN1003AW4","C1_TGN1003AW4","TGN1003A",4,4.07539208757886
"NTRK3","C2_TGN1028BW1","C2_TGN1028BW1","TGN1028B",1,4.21086464661574
"NTRK3","C2_TGN1028BW2","C2_TGN1028BW2","TGN1028B",2,3.5547015113803
"NTRK3","C2_TGN1028BW3","C2_TGN1028BW3","TGN1028B",3,3.23580307006969
"NTRK3","C2_TGN1028BW4","C2_TGN1028BW4","TGN1028B",4,3.15439678594931
"NTRK3","C2_TGN1215AvXW1","C2_TGN1215AvXW1","TGN1215AvX",1,4.99489095724841
"NTRK3","C2_TGN1215AvXW2","C2_TGN1215AvXW2","TGN1215AvX",2,3.91962847149936
"NTRK3","C2_TGN1215AvXW3","C2_TGN1215AvXW3","TGN1215AvX",3,4.64198003421203
"NTRK3","C2_TGN1215AvXW4","C2_TGN1215AvXW4","TGN1215AvX",4,5.10913157826563
"PIEZO2","C1_TGN1003AW1","C1_TGN1003AW1","TGN1003A",1,10.5046837284916
"PIEZO2","C1_TGN1003AW2","C1_TGN1003AW2","TGN1003A",2,11.0088737189651
"PIEZO2","C1_TGN1003AW3","C1_TGN1003AW3","TGN1003A",3,10.6543064536911
"PIEZO2","C1_TGN1003AW4","C1_TGN1003AW4","TGN1003A",4,10.7139804574254
"PIEZO2","C2_TGN1028BW1","C2_TGN1028BW1","TGN1028B",1,10.4523262831837
"PIEZO2","C2_TGN1028BW2","C2_TGN1028BW2","TGN1028B",2,10.6922962830975
"PIEZO2","C2_TGN1028BW3","C2_TGN1028BW3","TGN1028B",3,10.3695969381619
"PIEZO2","C2_TGN1028BW4","C2_TGN1028BW4","TGN1028B",4,10.3256107476612
"PIEZO2","C2_TGN1215AvXW1","C2_TGN1215AvXW1","TGN1215AvX",1,10.4841510935753
"PIEZO2","C2_TGN1215AvXW2","C2_TGN1215AvXW2","TGN1215AvX",2,10.8344621959204
"PIEZO2","C2_TGN1215AvXW3","C2_TGN1215AvXW3","TGN1215AvX",3,10.9458082057336
"PIEZO2","C2_TGN1215AvXW4","C2_TGN1215AvXW4","TGN1215AvX",4,10.9372907768246
"CALCA","C1_TGN1003AW1","C1_TGN1003AW1","TGN1003A",1,-3.65817029489087
"CALCA","C1_TGN1003AW2","C1_TGN1003AW2","TGN1003A",2,-3.65817029489087
"CALCA","C1_TGN1003AW3","C1_TGN1003AW3","TGN1003A",3,-3.65817029489087
"CALCA","C1_TGN1003AW4","C1_TGN1003AW4","TGN1003A",4,-3.65817029489087
"CALCA","C2_TGN1028BW1","C2_TGN1028BW1","TGN1028B",1,-3.65817029489087
"CALCA","C2_TGN1028BW2","C2_TGN1028BW2","TGN1028B",2,-2.59642314224193
"CALCA","C2_TGN1028BW3","C2_TGN1028BW3","TGN1028B",3,-2.9894594570615
"CALCA","C2_TGN1028BW4","C2_TGN1028BW4","TGN1028B",4,-2.75485862427617
"CALCA","C2_TGN1215AvXW1","C2_TGN1215AvXW1","TGN1215AvX",1,-2.97086402881734
"CALCA","C2_TGN1215AvXW2","C2_TGN1215AvXW2","TGN1215AvX",2,-2.15570524001073
"CALCA","C2_TGN1215AvXW3","C2_TGN1215AvXW3","TGN1215AvX",3,-3.65817029489087
"CALCA","C2_TGN1215AvXW4","C2_TGN1215AvXW4","TGN1215AvX",4,-2.77586081440453
"CALCB","C1_TGN1003AW1","C1_TGN1003AW1","TGN1003A",1,-0.972331974511863
"CALCB","C1_TGN1003AW2","C1_TGN1003AW2","TGN1003A",2,-1.51700987104333
"CALCB","C1_TGN1003AW3","C1_TGN1003AW3","TGN1003A",3,-1.41872226052977
"CALCB","C1_TGN1003AW4","C1_TGN1003AW4","TGN1003A",4,-0.908603044083686
"CALCB","C2_TGN1028BW1","C2_TGN1028BW1","TGN1028B",1,-0.77841946597371
"CALCB","C2_TGN1028BW2","C2_TGN1028BW2","TGN1028B",2,-0.854732686436226
"CALCB","C2_TGN1028BW3","C2_TGN1028BW3","TGN1028B",3,-0.753942411066336
"CALCB","C2_TGN1028BW4","C2_TGN1028BW4","TGN1028B",4,-0.588122360059718
"CALCB","C2_TGN1215AvXW1","C2_TGN1215AvXW1","TGN1215AvX",1,-0.150418858902467
"CALCB","C2_TGN1215AvXW2","C2_TGN1215AvXW2","TGN1215AvX",2,-0.497226854019673
"CALCB","C2_TGN1215AvXW3","C2_TGN1215AvXW3","TGN1215AvX",3,-0.733115666329443
"CALCB","C2_TGN1215AvXW4","C2_TGN1215AvXW4","TGN1215AvX",4,-1.16291500808804
"SIX1","hDRG","hDRG reference 1","hDRG reference",NA,5.01871938476999
"EYA1","hDRG","hDRG reference 1","hDRG reference",NA,1.72753403566838
"SOX10","hDRG","hDRG reference 1","hDRG reference",NA,7.28258453908331
"ISL1","hDRG","hDRG reference 1","hDRG reference",NA,4.13822619260207
"POU4F1","hDRG","hDRG reference 1","hDRG reference",NA,6.09568358829059
"PRDM12","hDRG","hDRG reference 1","hDRG reference",NA,5.67492371695205
"RBFOX3","hDRG","hDRG reference 1","hDRG reference",NA,3.87253061123869
"TUBB3","hDRG","hDRG reference 1","hDRG reference",NA,9.91263219293982
"SNAP25","hDRG","hDRG reference 1","hDRG reference",NA,8.95610426902909
"SCN5A","hDRG","hDRG reference 1","hDRG reference",NA,2.93099759361067
"SCN8A","hDRG","hDRG reference 1","hDRG reference",NA,6.15826107059084
"SCN9A","hDRG","hDRG reference 1","hDRG reference",NA,7.71916109891052
"SCN10A","hDRG","hDRG reference 1","hDRG reference",NA,7.24322337641404
"SCN11A","hDRG","hDRG reference 1","hDRG reference",NA,8.76867193904528
"TRPV1","hDRG","hDRG reference 1","hDRG reference",NA,7.81810419563389
"TRPM8","hDRG","hDRG reference 1","hDRG reference",NA,4.52805475109136
"P2RX3","hDRG","hDRG reference 1","hDRG reference",NA,7.03863901625498
"NTRK1","hDRG","hDRG reference 1","hDRG reference",NA,7.11643081729467
"NTRK2","hDRG","hDRG reference 1","hDRG reference",NA,7.64110065783377
"NTRK3","hDRG","hDRG reference 1","hDRG reference",NA,6.71626579834445
"PIEZO2","hDRG","hDRG reference 1","hDRG reference",NA,7.61259686474168
"CALCA","hDRG","hDRG reference 1","hDRG reference",NA,7.16024018798437
"CALCB","hDRG","hDRG reference 1","hDRG reference",NA,7.66515894670288
"SIX1","TAK2204464A","hDRG reference 2","hDRG reference",NA,4.85481152892196
"EYA1","TAK2204464A","hDRG reference 2","hDRG reference",NA,1.26646342299972
"SOX10","TAK2204464A","hDRG reference 2","hDRG reference",NA,8.21751143900945
"ISL1","TAK2204464A","hDRG reference 2","hDRG reference",NA,3.59389915834227
"POU4F1","TAK2204464A","hDRG reference 2","hDRG reference",NA,6.27439095121515
"PRDM12","TAK2204464A","hDRG reference 2","hDRG reference",NA,5.66715430726654
"RBFOX3","TAK2204464A","hDRG reference 2","hDRG reference",NA,4.54102945589836
"TUBB3","TAK2204464A","hDRG reference 2","hDRG reference",NA,10.4202523698514
"SNAP25","TAK2204464A","hDRG reference 2","hDRG reference",NA,9.25892710957471
"SCN5A","TAK2204464A","hDRG reference 2","hDRG reference",NA,3.23366692310648
"SCN8A","TAK2204464A","hDRG reference 2","hDRG reference",NA,6.37861467278571
"SCN9A","TAK2204464A","hDRG reference 2","hDRG reference",NA,6.9579365965739
"SCN10A","TAK2204464A","hDRG reference 2","hDRG reference",NA,6.75196259500122
"SCN11A","TAK2204464A","hDRG reference 2","hDRG reference",NA,7.86462439147664
"TRPV1","TAK2204464A","hDRG reference 2","hDRG reference",NA,7.48312633061132
"TRPM8","TAK2204464A","hDRG reference 2","hDRG reference",NA,3.7160872542358
"P2RX3","TAK2204464A","hDRG reference 2","hDRG reference",NA,6.66299389244921
"NTRK1","TAK2204464A","hDRG reference 2","hDRG reference",NA,7.47420156235428
"NTRK2","TAK2204464A","hDRG reference 2","hDRG reference",NA,7.3312274003036
"NTRK3","TAK2204464A","hDRG reference 2","hDRG reference",NA,7.38987086769266
"PIEZO2","TAK2204464A","hDRG reference 2","hDRG reference",NA,7.08563008389674
"CALCA","TAK2204464A","hDRG reference 2","hDRG reference",NA,8.16397725443104
"CALCB","TAK2204464A","hDRG reference 2","hDRG reference",NA,7.59999618302578
