specimen_id,maturation_week,identity,contribution
TGN1003A,1,A-beta-LTMR-like,0.918809037242905
TGN1003A,1,A-delta-LTMR-like,0
TGN1003A,1,C-LTMR-like,0.0811909627570954
TGN1003A,1,Non-neuronal / off-target,0
TGN1003A,1,Other neuronal,0
TGN1003A,2,A-beta-LTMR-like,0.898846045683525
TGN1003A,2,A-delta-LTMR-like,0
TGN1003A,2,C-LTMR-like,0.101153954316475
TGN1003A,2,Non-neuronal / off-target,0
TGN1003A,2,Other neuronal,0
TGN1003A,3,A-beta-LTMR-like,0.919570244851598
TGN1003A,3,A-delta-LTMR-like,0
TGN1003A,3,C-LTMR-like,0.0804297551484016
TGN1003A,3,Non-neuronal / off-target,0
TGN1003A,3,Other neuronal,0
TGN1003A,4,A-beta-LTMR-like,0.894989697039486
TGN1003A,4,A-delta-LTMR-like,0
TGN1003A,4,C-LTMR-like,0.105010302960514
TGN1003A,4,Non-neuronal / off-target,0
TGN1003A,4,Other neuronal,0
TGN1028B,1,A-beta-LTMR-like,0.941351258321997
TGN1028B,1,A-delta-LTMR-like,0
TGN1028B,1,C-LTMR-like,0.0586487416780035
TGN1028B,1,Non-neuronal / off-target,0
TGN1028B,1,Other neuronal,0
TGN1028B,2,A-beta-LTMR-like,0.921036599078503
TGN1028B,2,A-delta-LTMR-like,0
TGN1028B,2,C-LTMR-like,0.0789634009214969
TGN1028B,2,Non-neuronal / off-target,0
TGN1028B,2,Other neuronal,0
TGN1028B,3,A-beta-LTMR-like,0.868324889171207
TGN1028B,3,A-delta-LTMR-like,0
TGN1028B,3,C-LTMR-like,0.131675110828793
TGN1028B,3,Non-neuronal / off-target,0
TGN1028B,3,Other neuronal,0
TGN1028B,4,A-beta-LTMR-like,0.829826062035353
TGN1028B,4,A-delta-LTMR-like,0
TGN1028B,4,C-LTMR-like,0.155194827833181
TGN1028B,4,Non-neuronal / off-target,0
TGN1028B,4,Other neuronal,0.0149791101314656
TGN1215AvX,1,A-beta-LTMR-like,0.939588826936124
TGN1215AvX,1,A-delta-LTMR-like,0
TGN1215AvX,1,C-LTMR-like,0.0604111730638759
TGN1215AvX,1,Non-neuronal / off-target,0
TGN1215AvX,1,Other neuronal,0
TGN1215AvX,2,A-beta-LTMR-like,0.900617246595961
TGN1215AvX,2,A-delta-LTMR-like,0
TGN1215AvX,2,C-LTMR-like,0.0993827534040393
TGN1215AvX,2,Non-neuronal / off-target,0
TGN1215AvX,2,Other neuronal,0
TGN1215AvX,3,A-beta-LTMR-like,0.91607674994528
TGN1215AvX,3,A-delta-LTMR-like,0
TGN1215AvX,3,C-LTMR-like,0.0839232500547198
TGN1215AvX,3,Non-neuronal / off-target,0
TGN1215AvX,3,Other neuronal,0
TGN1215AvX,4,A-beta-LTMR-like,0.845808910094447
TGN1215AvX,4,A-delta-LTMR-like,0
TGN1215AvX,4,C-LTMR-like,0.154191089905552
TGN1215AvX,4,Non-neuronal / off-target,0
TGN1215AvX,4,Other neuronal,0
