sample_id,cohort,sample_label,sample_class,differentiation_lot,rna_week_after_thaw,display_context,total_counts,detected_genes
C1_TGN1003AW1,C1,TGN1003AW1,TGN culture,TGN1003A,1,TGN W1,19645776.919,23661
C1_TGN1003AW2,C1,TGN1003AW2,TGN culture,TGN1003A,2,TGN W2,19531356.008,24669
C1_TGN1003AW3,C1,TGN1003AW3,TGN culture,TGN1003A,3,TGN W3,16907692.022,24817
C1_TGN1003AW4,C1,TGN1003AW4,TGN culture,TGN1003A,4,TGN W4,14776122.139,24614
C2_TGN1028BW1,C2,TGN1028BW1,TGN culture,TGN1028B,1,TGN W1,22772759.022,23384
C2_TGN1028BW2,C2,TGN1028BW2,TGN culture,TGN1028B,2,TGN W2,25095105.06,24470
C2_TGN1028BW3,C2,TGN1028BW3,TGN culture,TGN1028B,3,TGN W3,19571653.04,25060
C2_TGN1028BW4,C2,TGN1028BW4,TGN culture,TGN1028B,4,TGN W4,26175518.981,25535
C2_TGN1215AvXW1,C2,TGN1215AvXW1,TGN culture,TGN1215AvX,1,TGN W1,21136847.957,23285
C2_TGN1215AvXW2,C2,TGN1215AvXW2,TGN culture,TGN1215AvX,2,TGN W2,20531306.045,24216
C2_TGN1215AvXW3,C2,TGN1215AvXW3,TGN culture,TGN1215AvX,3,TGN W3,25496931.069,24713
C2_TGN1215AvXW4,C2,TGN1215AvXW4,TGN culture,TGN1215AvX,4,TGN W4,27771287.945,25354
C1_hDRG_1,C1,hDRG_1,hDRG,NA,NA,hDRG,20198829.965,29401
C1_hDRG_2,C1,hDRG_2,hDRG,NA,NA,hDRG,20058063.916,29621
C2_hDRG_1,C2,hDRG_1,hDRG,NA,NA,hDRG,26571335.842,29106
C2_hDRG_2,C2,hDRG_2,hDRG,NA,NA,hDRG,26464774.01,29160
C1_TAK2204464A,C1,TAK2204464A,TAK22044 control,NA,NA,TAK22044 control,25017084.967,28498
C2_TAK2204464A,C2,TAK2204464A,TAK22044 control,NA,NA,TAK22044 control,26082332.905,28165
